№,Седмица,Бензин A95,Дизел,Пропан Бутан
1,30.12 - 05.01.20,2.22,2.28,0.95
2,06.01 - 12.01.20,2.22,2.28,0.95
3,13.01 - 19.01.20,2.23,2.28,0.96
4,20.01 - 26.01.20,2.23,2.28,0.97
5,27.01 - 02.02.20,2.23,2.28,0.98
6,03.02 - 09.02.20,2.23,2.28,0.98
7,10.02 - 16.02.20,2.22,2.27,0.98
8,17.02 - 23.02.20,2.22,2.27,0.98
9,24.02 - 01.03.20,2.22,2.27,0.98
10,02.03 - 08.03.20,2.22,2.27,0.97
11,09.03 - 15.03.20,2.15,2.19,0.96
12,16.03 - 22.03.20,2.07,2.09,0.94
13,23.03 - 29.03.20,1.96,1.98,0.89
14,30.03 - 05.04.20,1.87,1.91,0.86
15,06.04 - 12.04.20,1.82,1.88,0.83
16,13.04 - 19.04.20,1.81,1.88,0.81
17,20.04 - 26.04.20,1.8,1.88,0.81
18,27.04 - 03.05.20,1.78,1.85,0.8
19,04.05 - 10.05.20,1.75,1.82,0.79
20,11.05 - 17.05.20,1.73,1.79,0.79
21,18.05 - 24.05.20,1.68,1.73,0.78
22,25.05 - 31.05.20,1.68,1.73,0.77
23,01.06 - 07.06.20,1.68,1.73,0.77
24,08.06 - 14.06.20,1.68,1.73,0.78
25,15.06 - 21.06.20,1.7,1.74,0.79
26,22.06 - 28.06.20,1.7,1.74,0.79
27,29.06 - 05.07.20,1.71,1.75,0.79
28,06.07 - 12.07.20,1.73,1.77,0.8
29,13.07 - 19.07.20,1.74,1.78,0.81
30,20.07 - 26.07.20,1.76,1.78,0.83
31,27.07 - 02.08.20,1.77,1.79,0.84
32,03.08 - 09.08.20,1.78,1.8,0.84
33,10.08 - 16.08.20,1.79,1.81,0.84
34,17.08 - 23.08.20,1.79,1.81,0.84
35,24.08 - 30.08.20,1.79,1.81,0.84
36,31.08 - 06.09.20,1.79,1.81,0.84
37,07.09 - 13.09.20,1.79,1.8,0.84
38,14.09 - 20.09.20,1.79,1.8,0.83
39,21.09 - 27.09.20,1.79,1.79,0.83
40,28.09 - 04.10.20,1.79,1.78,0.83
41,05.10 - 11.10.20,1.79,1.78,0.84
42,12.10 - 18.10.20,1.79,1.78,0.84
43,19.10 - 25.10.20,1.8,1.78,0.85
44,26.10 - 01.11.20,1.81,1.79,0.85
45,02.11 - 08.11.20,1.81,1.79,0.86
46,09.11 - 15.11.20,1.81,1.79,0.86
47,16.11 - 22.11.20,1.81,1.79,0.86
48,23.11 - 29.11.20,1.81,1.79,0.86
49,30.11 - 06.12.20,1.81,1.79,0.86
50,07.12 - 13.12.20,1.81,1.79,0.86
51,14.12 - 20.12.20,1.81,1.8,0.87
52,21.12 - 27.12.20,1.82,1.82,0.88
53,28.12 - 03.01.21,1.82,1.82,0.88
1,04.01 - 10.01.21,1.82,1.82,0.89
2,11.01 - 17.01.21,1.84,1.84,0.91
3,18.01 - 24.01.21,1.86,1.86,0.93
4,25.01 - 31.01.21,1.88,1.88,0.95
5,01.02 - 07.02.21,1.89,1.89,0.96
6,08.02 - 14.02.21,1.9,1.9,0.97
7,15.02 - 21.02.21,1.93,1.92,0.98
8,22.02 - 28.02.21,1.96,1.95,1.01
9,01.03 - 07.03.21,1.98,1.98,1.02
10,08.03 - 14.03.21,2.01,2.01,1.04
11,15.03 - 21.03.21,2.05,2.04,1.06
12,22.03 - 28.03.21,2.06,2.06,1.07
13,29.03 - 04.04.21,2.07,2.07,1.08
14,05.04 - 11.04.21,2.09,2.08,1.08
15,12.04 - 18.04.21,2.09,2.08,1.09
16,19.04 - 25.04.21,2.1,2.09,1.1
17,26.04 - 02.05.21,2.1,2.09,1.09
18,03.05 - 09.05.21,2.09,2.09,1.08
19,10.05 - 16.05.21,2.1,2.09,1.08
20,17.05 - 23.05.21,2.1,2.1,1.07
21,24.05 - 30.05.21,2.11,2.1,1.05
22,31.05 - 06.06.21,2.11,2.1,1.03
23,07.06 - 13.06.21,2.11,2.1,1.03
24,14.06 - 20.06.21,2.12,2.11,1.03
25,21.06 - 27.06.21,2.13,2.13,1.03
26,28.06 - 04.07.21,2.15,2.15,1.03
27,05.07 - 11.07.21,2.17,2.17,1.05
28,12.07 - 18.07.21,2.18,2.18,1.06
29,19.07 - 25.07.21,2.22,2.22,1.11
30,26.07 - 01.08.21,2.24,2.23,1.12
31,02.08 - 08.08.21,2.26,2.26,1.15
32,09.08 - 15.08.21,2.27,2.26,1.16
33,16.08 - 22.08.21,2.27,2.27,1.17
34,23.08 - 29.08.21,2.27,2.27,1.17
35,30.08 - 05.09.21,2.27,2.27,1.17
36,06.09 - 12.09.21,2.27,2.26,1.17
37,13.09 - 19.09.21,2.27,2.26,1.17
38,20.09 - 26.09.21,2.27,2.27,1.18
39,27.09 - 03.10.21,2.28,2.27,1.19
40,04.10 - 10.10.21,2.31,2.32,1.23
41,11.10 - 17.10.21,2.35,2.36,1.28
42,18.10 - 24.10.21,2.38,2.39,1.31
43,25.10 - 31.10.21,2.4,2.41,1.33
44,01.11 - 07.11.21,2.41,2.43,1.36
45,08.11 - 14.11.21,2.43,2.46,1.38
46,15.11 - 21.11.21,2.44,2.48,1.4
47,22.11 - 28.11.21,2.45,2.5,1.41
48,29.11 - 05.12.21,2.43,2.5,1.41
49,06.12 - 12.12.21,2.42,2.49,1.4
50,13.12 - 19.12.21,2.41,2.47,1.4
51,20.12 - 26.12.21,2.41,2.47,1.4
52,27.12 - 02.01.22,2.41,2.47,1.4
1,03.01 - 09.01.22,2.41,2.47,1.4
2,10.01 - 16.01.22,2.42,2.47,1.39
3,17.01 - 23.01.22,2.43,2.5,1.38
4,24.01 - 30.01.22,2.45,2.52,1.39
5,31.01 - 06.02.22,2.47,2.54,1.39
6,07.02 - 13.02.22,2.48,2.56,1.39
7,14.02 - 20.02.22,2.52,2.59,1.4
8,21.02 - 27.02.22,2.57,2.63,1.41
9,28.02 - 06.03.22,2.73,2.78,1.5
10,07.03 - 13.03.22,2.86,2.91,1.57
11,14.03 - 20.03.22,2.9,2.95,1.59
12,21.03 - 27.03.22,2.9,2.97,1.58
13,28.03 - 03.04.22,2.93,3.03,1.59
14,04.04 - 10.04.22,2.95,3.06,1.6
15,11.04 - 17.04.22,2.95,3.09,1.6
16,18.04 - 24.04.22,2.95,3.11,1.6
17,25.04 - 01.05.22,2.96,3.12,1.6
18,02.05 - 08.05.22,2.99,3.19,1.61
19,09.05 - 15.05.22,3.04,3.23,1.61
20,16.05 - 22.05.22,3.11,3.28,1.6
21,23.05 - 29.05.22,3.15,3.28,1.59
22,30.05 - 05.06.22,3.19,3.29,1.58
23,06.06 - 12.06.22,3.28,3.35,1.58
24,13.06 - 19.06.22,3.34,3.43,1.57
25,20.06 - 26.06.22,3.38,3.52,1.56
26,27.06 - 03.07.22,3.39,3.56,1.55
27,04.07 - 10.07.22,3.4,3.56,1.53
28,11.07 - 17.07.22,3.4,3.55,1.4
29,18.07 - 24.07.22,3.39,3.54,1.36
30,25.07 - 31.07.22,3.36,3.51,1.33
31,01.08 - 07.08.22,3.32,3.46,1.29
32,08.08 - 14.08.22,3.27,3.41,1.26
33,15.08 - 21.08.22,3.23,3.37,1.24
34,22.08 - 28.08.22,3.2,3.35,1.23
35,29.08 - 04.09.22,3.17,3.37,1.22
36,05.09 - 11.09.22,3.13,3.37,1.21
37,12.09 - 18.09.22,3.07,3.32,1.16
38,19.09 - 25.09.22,3.02,3.26,1.13
39,26.09 - 02.10.22,3.0,3.24,1.13
40,03.10 - 09.10.22,2.97,3.25,1.13
41,10.10 - 16.10.22,2.96,3.29,1.14
42,17.10 - 23.10.22,2.97,3.34,1.14
43,24.10 - 30.10.22,2.95,3.35,1.14
44,31.10 - 06.11.22,2.95,3.35,1.15
45,07.11 - 13.11.22,2.94,3.36,1.16
46,14.11 - 20.11.22,2.93,3.35,1.16
47,21.11 - 27.11.22,2.88,3.31,1.17
48,28.11 - 04.12.22,2.83,3.26,1.17
49,05.12 - 11.12.22,2.78,3.21,1.18
50,12.12 - 18.12.22,2.72,3.14,1.18
51,19.12 - 25.12.22,2.66,3.07,1.18
52,26.12 - 01.01.23,2.65,3.04,1.18
1,02.01 - 08.01.23,2.64,3.01,1.18
2,09.01 - 15.01.23,2.61,2.95,1.18
3,16.01 - 22.01.23,2.6,2.93,1.18
4,23.01 - 29.01.23,2.61,2.95,1.18
5,30.01 - 05.02.23,2.62,2.96,1.18
6,06.02 - 12.02.23,2.61,2.93,1.19
7,13.02 - 19.02.23,2.59,2.91,1.2
8,20.02 - 26.02.23,2.59,2.89,1.21
9,27.02 - 05.03.23,2.59,2.87,1.21
10,06.03 - 12.03.23,2.59,2.86,1.21
11,13.03 - 19.03.23,2.58,2.84,1.2
12,20.03 - 26.03.23,2.56,2.8,1.19
13,27.03 - 02.04.23,2.56,2.76,1.19
14,03.04 - 09.04.23,2.56,2.73,1.18
15,10.04 - 16.04.23,2.57,2.71,1.16
16,17.04 - 23.04.23,2.58,2.69,1.12
17,24.04 - 30.04.23,2.58,2.64,1.1
18,01.05 - 07.05.23,2.57,2.59,1.08
19,08.05 - 14.05.23,2.55,2.53,1.05
20,15.05 - 21.05.23,2.55,2.5,1.0
21,22.05 - 28.05.23,2.55,2.48,0.98
22,29.05 - 04.06.23,2.55,2.47,0.96
23,05.06 - 11.06.23,2.56,2.46,0.93
24,12.06 - 18.06.23,2.56,2.46,0.91
25,19.06 - 25.06.23,2.56,2.46,0.9
26,26.06 - 02.07.23,2.56,2.46,0.89
27,03.07 - 09.07.23,2.56,2.46,0.87
28,10.07 - 16.07.23,2.56,2.47,0.88
29,17.07 - 23.07.23,2.57,2.48,0.88
30,24.07 - 30.07.23,2.6,2.51,0.88
31,31.07 - 06.08.23,2.67,2.59,1.06
32,07.08 - 13.08.23,2.7,2.67,1.13
33,14.08 - 20.08.23,2.73,2.72,1.14
34,21.08 - 27.08.23,2.77,2.75,1.16
35,28.08 - 03.09.23,2.79,2.78,1.16
36,04.09 - 10.09.23,2.8,2.81,1.17
37,11.09 - 17.09.23,2.84,2.85,1.19
38,18.09 - 24.09.23,2.86,2.89,1.2
39,25.09 - 01.10.23,2.87,2.89,1.2
40,02.10 - 08.10.23,2.86,2.9,1.2
41,09.10 - 15.10.23,2.84,2.89,1.2
42,16.10 - 22.10.23,2.82,2.88,1.2
43,23.10 - 29.10.23,2.82,2.89,1.21
44,30.10 - 05.11.23,2.81,2.88,1.21
45,06.11 - 12.11.23,2.79,2.85,1.21
46,13.11 - 19.11.23,2.78,2.83,1.21
47,20.11 - 26.11.23,2.76,2.81,1.23
48,27.11 - 03.12.23,2.74,2.79,1.23
49,04.12 - 10.12.23,2.71,2.76,1.24
50,11.12 - 17.12.23,2.67,2.72,1.25
51,18.12 - 24.12.23,2.63,2.68,1.25
52,25.12 - 31.12.23,2.63,2.68,1.25
1,01.01 - 07.01.24,2.62,2.67,1.25
2,08.01 - 14.01.24,2.58,2.63,1.25
3,15.01 - 21.01.24,2.6,2.65,1.25
4,22.01 - 28.01.24,2.61,2.66,1.25
5,29.01 - 04.02.24,2.62,2.68,1.26
6,05.02 - 11.02.24,2.63,2.7,1.26
7,12.02 - 18.02.24,2.65,2.74,1.27
8,19.02 - 25.02.24,2.66,2.77,1.28
9,26.02 - 03.03.24,2.66,2.77,1.28
10,04.03 - 10.03.24,2.66,2.77,1.27
11,11.03 - 17.03.24,2.66,2.76,1.27
12,18.03 - 24.03.24,2.67,2.77,1.25
13,25.03 - 31.03.24,2.67,2.78,1.25
14,01.04 - 07.04.24,2.68,2.78,1.25
15,08.04 - 14.04.24,2.69,2.79,1.25
16,15.04 - 21.04.24,2.71,2.79,1.25
17,22.04 - 28.04.24,2.72,2.77,1.24
18,29.04 - 05.05.24,2.72,2.75,1.24
19,06.05 - 12.05.24,2.72,2.73,1.24
20,13.05 - 19.05.24,2.7,2.69,1.24
21,20.05 - 26.05.24,2.67,2.67,1.23
22,27.05 - 02.06.24,2.66,2.65,1.21
23,03.06 - 09.06.24,2.66,2.64,1.18
24,10.06 - 16.06.24,2.64,2.62,1.17
25,17.06 - 23.06.24,2.64,2.63,1.16
26,24.06 - 30.06.24,2.65,2.65,1.16
27,01.07 - 07.07.24,2.66,2.66,1.16
28,08.07 - 14.07.24,2.66,2.67,1.16
29,15.07 - 21.07.24,2.66,2.66,1.16
30,22.07 - 28.07.24,2.64,2.64,1.16
31,29.07 - 04.08.24,2.64,2.63,1.17
32,05.08 - 11.08.24,2.62,2.62,1.18
33,12.08 - 18.08.24,2.61,2.59,1.18
34,19.08 - 25.08.24,2.59,2.57,1.18
35,26.08 - 01.09.24,2.56,2.55,1.18
36,02.09 - 08.09.24,2.56,2.54,1.18
37,09.09 - 15.09.24,2.52,2.5,1.19
38,16.09 - 22.09.24,2.49,2.48,1.18
39,23.09 - 29.09.24,2.49,2.47,1.18
40,30.09 - 06.10.24,2.48,2.45,1.18
41,07.10 - 13.10.24,2.49,2.46,1.19
42,14.10 - 20.10.24,2.49,2.47,1.21
43,21.10 - 27.10.24,2.49,2.47,1.23
44,28.10 - 03.11.24,2.49,2.47,1.23
45,04.11 - 10.11.24,2.5,2.48,1.24
46,11.11 - 17.11.24,2.5,2.49,1.25
47,18.11 - 24.11.24,2.5,2.5,1.25
48,25.11 - 01.12.24,2.51,2.52,1.26
49,02.12 - 08.12.24,2.52,2.54,1.28
50,09.12 - 15.12.24,2.52,2.54,1.28
51,16.12 - 22.12.24,2.53,2.55,1.29
52,23.12 - 29.12.24,2.54,2.56,1.29
1,30.12 - 05.01.25,2.55,2.57,1.29
2,06.01 - 12.01.25,2.56,2.59,1.29
3,13.01 - 19.01.25,2.59,2.61,1.3
4,20.01 - 26.01.25,2.62,2.65,1.3
5,27.01 - 02.02.25,2.62,2.65,1.3
6,03.02 - 09.02.25,2.62,2.65,1.3
7,10.02 - 16.02.25,2.63,2.66,1.3
8,17.02 - 23.02.25,2.63,2.66,1.3
9,24.02 - 02.03.25,2.63,2.65,1.3
10,03.03 - 09.03.25,2.61,2.63,1.3
11,10.03 - 16.03.25,2.59,2.61,1.3
12,17.03 - 23.03.25,2.57,2.58,1.29
13,24.03 - 30.03.25,2.54,2.56,1.29
14,31.03 - 06.04.25,2.54,2.55,1.29
15,07.04 - 13.04.25,2.49,2.5,1.28
16,14.04 - 20.04.25,2.43,2.44,1.27
17,21.04 - 27.04.25,2.39,2.39,1.26
18,28.04 - 04.05.25,2.37,2.37,1.25
19,05.05 - 11.05.25,2.36,2.36,1.25
20,12.05 - 18.05.25,2.35,2.35,1.24
21,19.05 - 25.05.25,2.36,2.36,1.23
22,26.05 - 01.06.25,2.36,2.36,1.22
23,02.06 - 08.06.25,2.36,2.36,1.2
24,09.06 - 15.06.25,2.37,2.36,1.19
25,16.06 - 22.06.25,2.4,2.4,1.17
26,23.06 - 29.06.25,2.44,2.46,1.15
27,30.06 - 06.07.25,2.44,2.45,1.14
28,07.07 - 13.07.25,2.44,2.46,1.13
29,14.07 - 20.07.25,2.44,2.46,1.11
30,21.07 - 27.07.25,2.44,2.46,1.1
31,28.07 - 03.08.25,2.42,2.44,1.09
32,04.08 - 10.08.25,2.42,2.43,1.09
33,11.08 - 17.08.25,2.42,2.41,1.08
34,18.08 - 24.08.25,2.4,2.38,1.08
35,25.08 - 31.08.25,2.4,2.38,1.09
36,01.09 - 07.09.25,2.41,2.39,1.08
37,08.09 - 14.09.25,2.42,2.4,1.08
38,15.09 - 21.09.25,2.42,2.4,1.08
39,22.09 - 28.09.25,2.42,2.4,1.08
40,29.09 - 05.10.25,2.41,2.4,1.08
41,06.10 - 12.10.25,2.4,2.4,1.09
42,13.10 - 19.10.25,2.39,2.38,1.1
43,20.10 - 26.10.25,2.37,2.37,1.1
44,27.10 - 02.11.25,2.38,2.39,1.11
45,03.11 - 09.11.25,2.4,2.44,1.11
46,10.11 - 16.11.25,2.42,2.49,1.12
47,17.11 - 23.11.25,2.43,2.51,1.12
48,24.11 - 30.11.25,2.43,2.51,1.11
49,01.12 - 07.12.25,2.43,2.5,1.12
50,08.12 - 14.12.25,2.43,2.5,1.12
51,15.12 - 21.12.25,2.43,2.49,1.12
52,22.12 - 28.12.25,2.42,2.47,1.13
1,29.12 - 04.01.26,1.75,1.78,0.82
