№,Седмица,Бензин A95,Дизел,Пропан Бутан,year,start_date
1,30.12 - 05.01.20,1.14,1.17,0.49,2020,2020-12-30
2,06.01 - 12.01.20,1.14,1.17,0.49,2020,2020-01-06
3,13.01 - 19.01.20,1.14,1.17,0.49,2020,2020-01-13
4,20.01 - 26.01.20,1.14,1.17,0.5,2020,2020-01-20
5,27.01 - 02.02.20,1.14,1.17,0.5,2020,2020-01-27
6,03.02 - 09.02.20,1.14,1.17,0.5,2020,2020-02-03
7,10.02 - 16.02.20,1.14,1.16,0.5,2020,2020-02-10
8,17.02 - 23.02.20,1.14,1.16,0.5,2020,2020-02-17
9,24.02 - 01.03.20,1.14,1.16,0.5,2020,2020-02-24
10,02.03 - 08.03.20,1.14,1.16,0.5,2020,2020-03-02
11,09.03 - 15.03.20,1.1,1.12,0.49,2020,2020-03-09
12,16.03 - 22.03.20,1.06,1.07,0.48,2020,2020-03-16
13,23.03 - 29.03.20,1.0,1.01,0.46,2020,2020-03-23
14,30.03 - 05.04.20,0.96,0.98,0.44,2020,2020-03-30
15,06.04 - 12.04.20,0.93,0.96,0.42,2020,2020-04-06
16,13.04 - 19.04.20,0.93,0.96,0.41,2020,2020-04-13
17,20.04 - 26.04.20,0.92,0.96,0.41,2020,2020-04-20
18,27.04 - 03.05.20,0.91,0.95,0.41,2020,2020-04-27
19,04.05 - 10.05.20,0.89,0.93,0.4,2020,2020-05-04
20,11.05 - 17.05.20,0.88,0.92,0.4,2020,2020-05-11
21,18.05 - 24.05.20,0.86,0.88,0.4,2020,2020-05-18
22,25.05 - 31.05.20,0.86,0.88,0.39,2020,2020-05-25
23,01.06 - 07.06.20,0.86,0.88,0.39,2020,2020-06-01
24,08.06 - 14.06.20,0.86,0.88,0.4,2020,2020-06-08
25,15.06 - 21.06.20,0.87,0.89,0.4,2020,2020-06-15
26,22.06 - 28.06.20,0.87,0.89,0.4,2020,2020-06-22
27,29.06 - 05.07.20,0.87,0.89,0.4,2020,2020-06-29
28,06.07 - 12.07.20,0.88,0.9,0.41,2020,2020-07-06
29,13.07 - 19.07.20,0.89,0.91,0.41,2020,2020-07-13
30,20.07 - 26.07.20,0.9,0.91,0.42,2020,2020-07-20
31,27.07 - 02.08.20,0.9,0.92,0.43,2020,2020-07-27
32,03.08 - 09.08.20,0.91,0.92,0.43,2020,2020-08-03
33,10.08 - 16.08.20,0.92,0.93,0.43,2020,2020-08-10
34,17.08 - 23.08.20,0.92,0.93,0.43,2020,2020-08-17
35,24.08 - 30.08.20,0.92,0.93,0.43,2020,2020-08-24
36,31.08 - 06.09.20,0.92,0.93,0.43,2020,2020-08-31
37,07.09 - 13.09.20,0.92,0.92,0.43,2020,2020-09-07
38,14.09 - 20.09.20,0.92,0.92,0.42,2020,2020-09-14
39,21.09 - 27.09.20,0.92,0.92,0.42,2020,2020-09-21
40,28.09 - 04.10.20,0.92,0.91,0.42,2020,2020-09-28
41,05.10 - 11.10.20,0.92,0.91,0.43,2020,2020-10-05
42,12.10 - 18.10.20,0.92,0.91,0.43,2020,2020-10-12
43,19.10 - 25.10.20,0.92,0.91,0.43,2020,2020-10-19
44,26.10 - 01.11.20,0.93,0.92,0.43,2020,2020-10-26
45,02.11 - 08.11.20,0.93,0.92,0.44,2020,2020-11-02
46,09.11 - 15.11.20,0.93,0.92,0.44,2020,2020-11-09
47,16.11 - 22.11.20,0.93,0.92,0.44,2020,2020-11-16
48,23.11 - 29.11.20,0.93,0.92,0.44,2020,2020-11-23
49,30.11 - 06.12.20,0.93,0.92,0.44,2020,2020-11-30
50,07.12 - 13.12.20,0.93,0.92,0.44,2020,2020-12-07
51,14.12 - 20.12.20,0.93,0.92,0.44,2020,2020-12-14
52,21.12 - 27.12.20,0.93,0.93,0.45,2020,2020-12-21
53,28.12 - 03.01.21,0.93,0.93,0.45,2021,2021-12-28
1,04.01 - 10.01.21,0.93,0.93,0.46,2021,2021-01-04
2,11.01 - 17.01.21,0.94,0.94,0.47,2021,2021-01-11
3,18.01 - 24.01.21,0.95,0.95,0.48,2021,2021-01-18
4,25.01 - 31.01.21,0.96,0.96,0.49,2021,2021-01-25
5,01.02 - 07.02.21,0.97,0.97,0.49,2021,2021-02-01
6,08.02 - 14.02.21,0.97,0.97,0.5,2021,2021-02-08
7,15.02 - 21.02.21,0.99,0.98,0.5,2021,2021-02-15
8,22.02 - 28.02.21,1.0,1.0,0.52,2021,2021-02-22
9,01.03 - 07.03.21,1.01,1.01,0.52,2021,2021-03-01
10,08.03 - 14.03.21,1.03,1.03,0.53,2021,2021-03-08
11,15.03 - 21.03.21,1.05,1.04,0.54,2021,2021-03-15
12,22.03 - 28.03.21,1.05,1.05,0.55,2021,2021-03-22
13,29.03 - 04.04.21,1.06,1.06,0.55,2021,2021-03-29
14,05.04 - 11.04.21,1.07,1.06,0.55,2021,2021-04-05
15,12.04 - 18.04.21,1.07,1.06,0.56,2021,2021-04-12
16,19.04 - 25.04.21,1.07,1.07,0.56,2021,2021-04-19
17,26.04 - 02.05.21,1.07,1.07,0.56,2021,2021-04-26
18,03.05 - 09.05.21,1.07,1.07,0.55,2021,2021-05-03
19,10.05 - 16.05.21,1.07,1.07,0.55,2021,2021-05-10
20,17.05 - 23.05.21,1.07,1.07,0.55,2021,2021-05-17
21,24.05 - 30.05.21,1.08,1.07,0.54,2021,2021-05-24
22,31.05 - 06.06.21,1.08,1.07,0.53,2021,2021-05-31
23,07.06 - 13.06.21,1.08,1.07,0.53,2021,2021-06-07
24,14.06 - 20.06.21,1.08,1.08,0.53,2021,2021-06-14
25,21.06 - 27.06.21,1.09,1.09,0.53,2021,2021-06-21
26,28.06 - 04.07.21,1.1,1.1,0.53,2021,2021-06-28
27,05.07 - 11.07.21,1.11,1.11,0.54,2021,2021-07-05
28,12.07 - 18.07.21,1.11,1.11,0.54,2021,2021-07-12
29,19.07 - 25.07.21,1.14,1.14,0.57,2021,2021-07-19
30,26.07 - 01.08.21,1.15,1.14,0.57,2021,2021-07-26
31,02.08 - 08.08.21,1.16,1.16,0.59,2021,2021-08-02
32,09.08 - 15.08.21,1.16,1.16,0.59,2021,2021-08-09
33,16.08 - 22.08.21,1.16,1.16,0.6,2021,2021-08-16
34,23.08 - 29.08.21,1.16,1.16,0.6,2021,2021-08-23
35,30.08 - 05.09.21,1.16,1.16,0.6,2021,2021-08-30
36,06.09 - 12.09.21,1.16,1.16,0.6,2021,2021-09-06
37,13.09 - 19.09.21,1.16,1.16,0.6,2021,2021-09-13
38,20.09 - 26.09.21,1.16,1.16,0.6,2021,2021-09-20
39,27.09 - 03.10.21,1.17,1.16,0.61,2021,2021-09-27
40,04.10 - 10.10.21,1.18,1.19,0.63,2021,2021-10-04
41,11.10 - 17.10.21,1.2,1.21,0.65,2021,2021-10-11
42,18.10 - 24.10.21,1.22,1.22,0.67,2021,2021-10-18
43,25.10 - 31.10.21,1.23,1.23,0.68,2021,2021-10-25
44,01.11 - 07.11.21,1.23,1.24,0.7,2021,2021-11-01
45,08.11 - 14.11.21,1.24,1.26,0.71,2021,2021-11-08
46,15.11 - 21.11.21,1.25,1.27,0.72,2021,2021-11-15
47,22.11 - 28.11.21,1.25,1.28,0.72,2021,2021-11-22
48,29.11 - 05.12.21,1.24,1.28,0.72,2021,2021-11-29
49,06.12 - 12.12.21,1.24,1.27,0.72,2021,2021-12-06
50,13.12 - 19.12.21,1.23,1.26,0.72,2021,2021-12-13
51,20.12 - 26.12.21,1.23,1.26,0.72,2021,2021-12-20
52,27.12 - 02.01.22,1.23,1.26,0.72,2022,2022-12-27
1,03.01 - 09.01.22,1.23,1.26,0.72,2022,2022-01-03
2,10.01 - 16.01.22,1.24,1.26,0.71,2022,2022-01-10
3,17.01 - 23.01.22,1.24,1.28,0.71,2022,2022-01-17
4,24.01 - 30.01.22,1.25,1.29,0.71,2022,2022-01-24
5,31.01 - 06.02.22,1.26,1.3,0.71,2022,2022-01-31
6,07.02 - 13.02.22,1.27,1.31,0.71,2022,2022-02-07
7,14.02 - 20.02.22,1.29,1.32,0.72,2022,2022-02-14
8,21.02 - 27.02.22,1.31,1.34,0.72,2022,2022-02-21
9,28.02 - 06.03.22,1.4,1.42,0.77,2022,2022-02-28
10,07.03 - 13.03.22,1.46,1.49,0.8,2022,2022-03-07
11,14.03 - 20.03.22,1.48,1.51,0.81,2022,2022-03-14
12,21.03 - 27.03.22,1.48,1.52,0.81,2022,2022-03-21
13,28.03 - 03.04.22,1.5,1.55,0.81,2022,2022-03-28
14,04.04 - 10.04.22,1.51,1.56,0.82,2022,2022-04-04
15,11.04 - 17.04.22,1.51,1.58,0.82,2022,2022-04-11
16,18.04 - 24.04.22,1.51,1.59,0.82,2022,2022-04-18
17,25.04 - 01.05.22,1.51,1.6,0.82,2022,2022-04-25
18,02.05 - 08.05.22,1.53,1.63,0.82,2022,2022-05-02
19,09.05 - 15.05.22,1.55,1.65,0.82,2022,2022-05-09
20,16.05 - 22.05.22,1.59,1.68,0.82,2022,2022-05-16
21,23.05 - 29.05.22,1.61,1.68,0.81,2022,2022-05-23
22,30.05 - 05.06.22,1.63,1.68,0.81,2022,2022-05-30
23,06.06 - 12.06.22,1.68,1.71,0.81,2022,2022-06-06
24,13.06 - 19.06.22,1.71,1.75,0.8,2022,2022-06-13
25,20.06 - 26.06.22,1.73,1.8,0.8,2022,2022-06-20
26,27.06 - 03.07.22,1.73,1.82,0.79,2022,2022-06-27
27,04.07 - 10.07.22,1.74,1.82,0.78,2022,2022-07-04
28,11.07 - 17.07.22,1.74,1.82,0.72,2022,2022-07-11
29,18.07 - 24.07.22,1.73,1.81,0.7,2022,2022-07-18
30,25.07 - 31.07.22,1.72,1.79,0.68,2022,2022-07-25
31,01.08 - 07.08.22,1.7,1.77,0.66,2022,2022-08-01
32,08.08 - 14.08.22,1.67,1.74,0.64,2022,2022-08-08
33,15.08 - 21.08.22,1.65,1.72,0.63,2022,2022-08-15
34,22.08 - 28.08.22,1.64,1.71,0.63,2022,2022-08-22
35,29.08 - 04.09.22,1.62,1.72,0.62,2022,2022-08-29
36,05.09 - 11.09.22,1.6,1.72,0.62,2022,2022-09-05
37,12.09 - 18.09.22,1.57,1.7,0.59,2022,2022-09-12
38,19.09 - 25.09.22,1.54,1.67,0.58,2022,2022-09-19
39,26.09 - 02.10.22,1.53,1.66,0.58,2022,2022-09-26
40,03.10 - 09.10.22,1.52,1.66,0.58,2022,2022-10-03
41,10.10 - 16.10.22,1.51,1.68,0.58,2022,2022-10-10
42,17.10 - 23.10.22,1.52,1.71,0.58,2022,2022-10-17
43,24.10 - 30.10.22,1.51,1.71,0.58,2022,2022-10-24
44,31.10 - 06.11.22,1.51,1.71,0.59,2022,2022-10-31
45,07.11 - 13.11.22,1.5,1.72,0.59,2022,2022-11-07
46,14.11 - 20.11.22,1.5,1.71,0.59,2022,2022-11-14
47,21.11 - 27.11.22,1.47,1.69,0.6,2022,2022-11-21
48,28.11 - 04.12.22,1.45,1.67,0.6,2022,2022-11-28
49,05.12 - 11.12.22,1.42,1.64,0.6,2022,2022-12-05
50,12.12 - 18.12.22,1.39,1.61,0.6,2022,2022-12-12
51,19.12 - 25.12.22,1.36,1.57,0.6,2022,2022-12-19
52,26.12 - 01.01.23,1.35,1.55,0.6,2023,2023-12-26
1,02.01 - 08.01.23,1.35,1.54,0.6,2023,2023-01-02
2,09.01 - 15.01.23,1.33,1.51,0.6,2023,2023-01-09
3,16.01 - 22.01.23,1.33,1.5,0.6,2023,2023-01-16
4,23.01 - 29.01.23,1.33,1.51,0.6,2023,2023-01-23
5,30.01 - 05.02.23,1.34,1.51,0.6,2023,2023-01-30
6,06.02 - 12.02.23,1.33,1.5,0.61,2023,2023-02-06
7,13.02 - 19.02.23,1.32,1.49,0.61,2023,2023-02-13
8,20.02 - 26.02.23,1.32,1.48,0.62,2023,2023-02-20
9,27.02 - 05.03.23,1.32,1.47,0.62,2023,2023-02-27
10,06.03 - 12.03.23,1.32,1.46,0.62,2023,2023-03-06
11,13.03 - 19.03.23,1.32,1.45,0.61,2023,2023-03-13
12,20.03 - 26.03.23,1.31,1.43,0.61,2023,2023-03-20
13,27.03 - 02.04.23,1.31,1.41,0.61,2023,2023-03-27
14,03.04 - 09.04.23,1.31,1.4,0.6,2023,2023-04-03
15,10.04 - 16.04.23,1.31,1.39,0.59,2023,2023-04-10
16,17.04 - 23.04.23,1.32,1.38,0.57,2023,2023-04-17
17,24.04 - 30.04.23,1.32,1.35,0.56,2023,2023-04-24
18,01.05 - 07.05.23,1.31,1.32,0.55,2023,2023-05-01
19,08.05 - 14.05.23,1.3,1.29,0.54,2023,2023-05-08
20,15.05 - 21.05.23,1.3,1.28,0.51,2023,2023-05-15
21,22.05 - 28.05.23,1.3,1.27,0.5,2023,2023-05-22
22,29.05 - 04.06.23,1.3,1.26,0.49,2023,2023-05-29
23,05.06 - 11.06.23,1.31,1.26,0.48,2023,2023-06-05
24,12.06 - 18.06.23,1.31,1.26,0.47,2023,2023-06-12
25,19.06 - 25.06.23,1.31,1.26,0.46,2023,2023-06-19
26,26.06 - 02.07.23,1.31,1.26,0.46,2023,2023-06-26
27,03.07 - 09.07.23,1.31,1.26,0.44,2023,2023-07-03
28,10.07 - 16.07.23,1.31,1.26,0.45,2023,2023-07-10
29,17.07 - 23.07.23,1.31,1.27,0.45,2023,2023-07-17
30,24.07 - 30.07.23,1.33,1.28,0.45,2023,2023-07-24
31,31.07 - 06.08.23,1.37,1.32,0.54,2023,2023-07-31
32,07.08 - 13.08.23,1.38,1.37,0.58,2023,2023-08-07
33,14.08 - 20.08.23,1.4,1.39,0.58,2023,2023-08-14
34,21.08 - 27.08.23,1.42,1.41,0.59,2023,2023-08-21
35,28.08 - 03.09.23,1.43,1.42,0.59,2023,2023-08-28
36,04.09 - 10.09.23,1.43,1.44,0.6,2023,2023-09-04
37,11.09 - 17.09.23,1.45,1.46,0.61,2023,2023-09-11
38,18.09 - 24.09.23,1.46,1.48,0.61,2023,2023-09-18
39,25.09 - 01.10.23,1.47,1.48,0.61,2023,2023-09-25
40,02.10 - 08.10.23,1.46,1.48,0.61,2023,2023-10-02
41,09.10 - 15.10.23,1.45,1.48,0.61,2023,2023-10-09
42,16.10 - 22.10.23,1.44,1.47,0.61,2023,2023-10-16
43,23.10 - 29.10.23,1.44,1.48,0.62,2023,2023-10-23
44,30.10 - 05.11.23,1.44,1.47,0.62,2023,2023-10-30
45,06.11 - 12.11.23,1.43,1.46,0.62,2023,2023-11-06
46,13.11 - 19.11.23,1.42,1.45,0.62,2023,2023-11-13
47,20.11 - 26.11.23,1.41,1.44,0.63,2023,2023-11-20
48,27.11 - 03.12.23,1.4,1.43,0.63,2023,2023-11-27
49,04.12 - 10.12.23,1.39,1.41,0.63,2023,2023-12-04
50,11.12 - 17.12.23,1.37,1.39,0.64,2023,2023-12-11
51,18.12 - 24.12.23,1.34,1.37,0.64,2023,2023-12-18
52,25.12 - 31.12.23,1.34,1.37,0.64,2023,2023-12-25
1,01.01 - 07.01.24,1.34,1.37,0.64,2024,2024-01-01
2,08.01 - 14.01.24,1.32,1.34,0.64,2024,2024-01-08
3,15.01 - 21.01.24,1.33,1.35,0.64,2024,2024-01-15
4,22.01 - 28.01.24,1.33,1.36,0.64,2024,2024-01-22
5,29.01 - 04.02.24,1.34,1.37,0.64,2024,2024-01-29
6,05.02 - 11.02.24,1.34,1.38,0.64,2024,2024-02-05
7,12.02 - 18.02.24,1.35,1.4,0.65,2024,2024-02-12
8,19.02 - 25.02.24,1.36,1.42,0.65,2024,2024-02-19
9,26.02 - 03.03.24,1.36,1.42,0.65,2024,2024-02-26
10,04.03 - 10.03.24,1.36,1.42,0.65,2024,2024-03-04
11,11.03 - 17.03.24,1.36,1.41,0.65,2024,2024-03-11
12,18.03 - 24.03.24,1.37,1.42,0.64,2024,2024-03-18
13,25.03 - 31.03.24,1.37,1.42,0.64,2024,2024-03-25
14,01.04 - 07.04.24,1.37,1.42,0.64,2024,2024-04-01
15,08.04 - 14.04.24,1.38,1.43,0.64,2024,2024-04-08
16,15.04 - 21.04.24,1.39,1.43,0.64,2024,2024-04-15
17,22.04 - 28.04.24,1.39,1.42,0.63,2024,2024-04-22
18,29.04 - 05.05.24,1.39,1.41,0.63,2024,2024-04-29
19,06.05 - 12.05.24,1.39,1.4,0.63,2024,2024-05-06
20,13.05 - 19.05.24,1.38,1.38,0.63,2024,2024-05-13
21,20.05 - 26.05.24,1.37,1.37,0.63,2024,2024-05-20
22,27.05 - 02.06.24,1.36,1.35,0.62,2024,2024-05-27
23,03.06 - 09.06.24,1.36,1.35,0.6,2024,2024-06-03
24,10.06 - 16.06.24,1.35,1.34,0.6,2024,2024-06-10
25,17.06 - 23.06.24,1.35,1.34,0.59,2024,2024-06-17
26,24.06 - 30.06.24,1.35,1.35,0.59,2024,2024-06-24
27,01.07 - 07.07.24,1.36,1.36,0.59,2024,2024-07-01
28,08.07 - 14.07.24,1.36,1.37,0.59,2024,2024-07-08
29,15.07 - 21.07.24,1.36,1.36,0.59,2024,2024-07-15
30,22.07 - 28.07.24,1.35,1.35,0.59,2024,2024-07-22
31,29.07 - 04.08.24,1.35,1.34,0.6,2024,2024-07-29
32,05.08 - 11.08.24,1.34,1.34,0.6,2024,2024-08-05
33,12.08 - 18.08.24,1.33,1.32,0.6,2024,2024-08-12
34,19.08 - 25.08.24,1.32,1.31,0.6,2024,2024-08-19
35,26.08 - 01.09.24,1.31,1.3,0.6,2024,2024-08-26
36,02.09 - 08.09.24,1.31,1.3,0.6,2024,2024-09-02
37,09.09 - 15.09.24,1.29,1.28,0.61,2024,2024-09-09
38,16.09 - 22.09.24,1.27,1.27,0.6,2024,2024-09-16
39,23.09 - 29.09.24,1.27,1.26,0.6,2024,2024-09-23
40,30.09 - 06.10.24,1.27,1.25,0.6,2024,2024-09-30
41,07.10 - 13.10.24,1.27,1.26,0.61,2024,2024-10-07
42,14.10 - 20.10.24,1.27,1.26,0.62,2024,2024-10-14
43,21.10 - 27.10.24,1.27,1.26,0.63,2024,2024-10-21
44,28.10 - 03.11.24,1.27,1.26,0.63,2024,2024-10-28
45,04.11 - 10.11.24,1.28,1.27,0.63,2024,2024-11-04
46,11.11 - 17.11.24,1.28,1.27,0.64,2024,2024-11-11
47,18.11 - 24.11.24,1.28,1.28,0.64,2024,2024-11-18
48,25.11 - 01.12.24,1.28,1.29,0.64,2024,2024-11-25
49,02.12 - 08.12.24,1.29,1.3,0.65,2024,2024-12-02
50,09.12 - 15.12.24,1.29,1.3,0.65,2024,2024-12-09
51,16.12 - 22.12.24,1.29,1.3,0.66,2024,2024-12-16
52,23.12 - 29.12.24,1.3,1.31,0.66,2024,2024-12-23
1,30.12 - 05.01.25,1.3,1.31,0.66,2025,2025-12-30
2,06.01 - 12.01.25,1.31,1.32,0.66,2025,2025-01-06
3,13.01 - 19.01.25,1.32,1.33,0.66,2025,2025-01-13
4,20.01 - 26.01.25,1.34,1.35,0.66,2025,2025-01-20
5,27.01 - 02.02.25,1.34,1.35,0.66,2025,2025-01-27
6,03.02 - 09.02.25,1.34,1.35,0.66,2025,2025-02-03
7,10.02 - 16.02.25,1.34,1.36,0.66,2025,2025-02-10
8,17.02 - 23.02.25,1.34,1.36,0.66,2025,2025-02-17
9,24.02 - 02.03.25,1.34,1.35,0.66,2025,2025-02-24
10,03.03 - 09.03.25,1.33,1.34,0.66,2025,2025-03-03
11,10.03 - 16.03.25,1.32,1.33,0.66,2025,2025-03-10
12,17.03 - 23.03.25,1.31,1.32,0.66,2025,2025-03-17
13,24.03 - 30.03.25,1.3,1.31,0.66,2025,2025-03-24
14,31.03 - 06.04.25,1.3,1.3,0.66,2025,2025-03-31
15,07.04 - 13.04.25,1.27,1.28,0.65,2025,2025-04-07
16,14.04 - 20.04.25,1.24,1.25,0.65,2025,2025-04-14
17,21.04 - 27.04.25,1.22,1.22,0.64,2025,2025-04-21
18,28.04 - 04.05.25,1.21,1.21,0.64,2025,2025-04-28
19,05.05 - 11.05.25,1.21,1.21,0.64,2025,2025-05-05
20,12.05 - 18.05.25,1.2,1.2,0.63,2025,2025-05-12
21,19.05 - 25.05.25,1.21,1.21,0.63,2025,2025-05-19
22,26.05 - 01.06.25,1.21,1.21,0.62,2025,2025-05-26
23,02.06 - 08.06.25,1.21,1.21,0.61,2025,2025-06-02
24,09.06 - 15.06.25,1.21,1.21,0.61,2025,2025-06-09
25,16.06 - 22.06.25,1.23,1.23,0.6,2025,2025-06-16
26,23.06 - 29.06.25,1.25,1.26,0.59,2025,2025-06-23
27,30.06 - 06.07.25,1.25,1.25,0.58,2025,2025-06-30
28,07.07 - 13.07.25,1.25,1.26,0.58,2025,2025-07-07
29,14.07 - 20.07.25,1.25,1.26,0.57,2025,2025-07-14
30,21.07 - 27.07.25,1.25,1.26,0.56,2025,2025-07-21
31,28.07 - 03.08.25,1.24,1.25,0.56,2025,2025-07-28
32,04.08 - 10.08.25,1.24,1.24,0.56,2025,2025-08-04
33,11.08 - 17.08.25,1.24,1.23,0.55,2025,2025-08-11
34,18.08 - 24.08.25,1.23,1.22,0.55,2025,2025-08-18
35,25.08 - 31.08.25,1.23,1.22,0.56,2025,2025-08-25
36,01.09 - 07.09.25,1.23,1.22,0.55,2025,2025-09-01
37,08.09 - 14.09.25,1.24,1.23,0.55,2025,2025-09-08
38,15.09 - 21.09.25,1.24,1.23,0.55,2025,2025-09-15
39,22.09 - 28.09.25,1.24,1.23,0.55,2025,2025-09-22
40,29.09 - 05.10.25,1.23,1.23,0.55,2025,2025-09-29
41,06.10 - 12.10.25,1.23,1.23,0.56,2025,2025-10-06
42,13.10 - 19.10.25,1.22,1.22,0.56,2025,2025-10-13
43,20.10 - 26.10.25,1.21,1.21,0.56,2025,2025-10-20
44,27.10 - 02.11.25,1.22,1.22,0.57,2025,2025-10-27
45,03.11 - 09.11.25,1.23,1.25,0.57,2025,2025-11-03
46,10.11 - 16.11.25,1.24,1.27,0.57,2025,2025-11-10
47,17.11 - 23.11.25,1.24,1.28,0.57,2025,2025-11-17
48,24.11 - 30.11.25,1.24,1.28,0.57,2025,2025-11-24
49,01.12 - 07.12.25,1.24,1.28,0.57,2025,2025-12-01
50,08.12 - 14.12.25,1.24,1.28,0.57,2025,2025-12-08
51,15.12 - 21.12.25,1.24,1.27,0.57,2025,2025-12-15
52,22.12 - 28.12.25,1.24,1.26,0.58,2025,2025-12-22
1,29.12 - 04.01.26,1.75,1.78,0.82,2026,2026-12-29
2,05.01 - 11.01.26,1.24,1.25,0.58,2026,2026-01-05
3,12.01 - 18.01.26,1.24,1.26,0.59,2026,2026-01-12
4,19.01 - 25.01.26,1.24,1.26,0.59,2026,2026-01-19
5,26.01 - 01.02.26,1.24,1.26,0.57,2026,2026-01-26
6,02.02 - 08.02.26,1.24,1.26,0.58,2026,2026-02-02
7,09.02 - 15.02.26,1.24,1.26,0.58,2026,2026-02-09
8,16.02 - 22.02.26,1.24,1.26,0.58,2026,2026-02-16
